{
  "Baseline": {
    "groundedness_rate": {
      "value": 0.8566433566433567,
      "low": 0.8059440559440559,
      "high": 0.9038461538461539,
      "n_defined": 143
    },
    "citation_precision": {
      "value": 0.9790076335877863,
      "low": 0.9531220629699249,
      "high": 0.998120651442038,
      "n_defined": 131
    },
    "citation_recall": {
      "value": 0.26853146853146853,
      "low": 0.23216783216783218,
      "high": 0.3076923076923077,
      "n_defined": 143
    },
    "copy_rate": {
      "value": 0.2955748037911949,
      "low": 0.24334151471260496,
      "high": 0.3427711094417227,
      "n_defined": 143
    },
    "abstention": {
      "value": 0.013986013986013986,
      "low": 0.0,
      "high": 0.03496503496503497,
      "n_defined": 143
    },
    "citation_coverage": {
      "value": 0.916083916083916,
      "low": 0.8671328671328671,
      "high": 0.958041958041958,
      "n_defined": 143
    }
  },
  "DPO": {
    "groundedness_rate": {
      "value": 0.9353146853146853,
      "low": 0.9038461538461539,
      "high": 0.9632867132867133,
      "n_defined": 143
    },
    "citation_precision": {
      "value": 0.9565217391304348,
      "low": 0.9050470029784066,
      "high": 0.9931506849315068,
      "n_defined": 69
    },
    "citation_recall": {
      "value": 0.13706293706293704,
      "low": 0.10629370629370628,
      "high": 0.17202797202797204,
      "n_defined": 143
    },
    "copy_rate": {
      "value": 0.15588729574526142,
      "low": 0.11448672119888019,
      "high": 0.1995346225584159,
      "n_defined": 143
    },
    "abstention": {
      "value": 0.006993006993006993,
      "low": 0.0,
      "high": 0.02097902097902098,
      "n_defined": 143
    },
    "citation_coverage": {
      "value": 0.4825174825174825,
      "low": 0.3986013986013986,
      "high": 0.5664335664335665,
      "n_defined": 143
    }
  },
  "GRPO v3": {
    "groundedness_rate": {
      "value": 0.9213286713286714,
      "low": 0.8828671328671329,
      "high": 0.9545454545454546,
      "n_defined": 143
    },
    "citation_precision": {
      "value": 0.9757281553398058,
      "low": 0.9417332952598515,
      "high": 1.0,
      "n_defined": 103
    },
    "citation_recall": {
      "value": 0.20979020979020976,
      "low": 0.1762237762237762,
      "high": 0.246188811188811,
      "n_defined": 143
    },
    "copy_rate": {
      "value": 0.2262022628415464,
      "low": 0.1810109960888245,
      "high": 0.2724943345822145,
      "n_defined": 143
    },
    "abstention": {
      "value": 0.006993006993006993,
      "low": 0.0,
      "high": 0.02097902097902098,
      "n_defined": 143
    },
    "citation_coverage": {
      "value": 0.7202797202797203,
      "low": 0.6433566433566433,
      "high": 0.7902097902097902,
      "n_defined": 143
    }
  }
}